AppointmentID,ClientID,PropertyID,AgentID,AppointmentMadeDate,VisitDate
A001,273,26,354,2019-04-14,2019-04-27
A002,246,33,430,2019-04-21,2019-05-01
A003,208,26,170,2019-04-23,2019-04-28
A004,85,33,147,2019-05-01,2019-05-04
A005,53,169,14,2019-05-10,2019-05-18
A006,32,169,497,2019-05-18,2019-05-20
A007,211,162,442,2019-06-12,2019-06-25
A008,39,162,147,2019-07-02,2019-07-16
A009,214,162,375,2019-07-07,2019-07-16
A010,208,7,238,2019-08-14,2019-08-18
A011,25,111,226,2019-09-10,2019-09-18
A012,210,111,411,2019-09-13,2019-09-17
A013,248,139,149,2019-09-24,2019-10-01
A014,115,193,58,2019-09-30,2019-10-08
A015,172,111,217,2019-10-02,2019-10-06
A016,222,193,66,2019-10-05,2019-10-07
A017,266,111,222,2019-10-05,2019-10-15
A018,168,291,412,2019-11-15,2019-11-21
A019,300,265,148,2019-11-18,2019-11-19
A020,232,104,383,2019-11-19,2019-11-28
A021,7,104,339,2019-11-20,2019-11-25
A022,295,265,175,2019-11-26,2019-12-04
A023,187,104,148,2019-12-08,2019-12-09
A024,249,123,337,2020-01-18,2020-01-23
A025,30,277,411,2020-01-26,2020-01-27
A026,182,123,185,2020-01-26,2020-02-02
A027,44,277,447,2020-02-02,2020-02-16
A028,250,277,58,2020-02-08,2020-02-09
A029,174,277,129,2020-02-11,2020-02-14
A030,176,277,58,2020-02-20,2020-02-22
A031,150,44,238,2020-03-10,2020-03-15
A032,106,255,149,2020-03-18,2020-03-28
A033,127,255,133,2020-03-30,2020-04-09
A034,190,255,396,2020-03-31,2020-04-08
A035,16,255,481,2020-04-01,2020-04-08
A036,124,142,133,2020-05-03,2020-05-08
A037,244,142,192,2020-05-11,2020-05-22
A038,267,127,149,2020-05-27,2020-06-02
A039,145,127,368,2020-05-30,2020-06-10
A040,100,127,396,2020-06-07,2020-06-09
A041,182,181,64,2020-06-11,2020-06-18
A042,267,127,29,2020-06-14,2020-06-26
A043,28,181,354,2020-06-20,2020-06-25
A044,190,181,375,2020-06-23,2020-07-01
A045,16,52,190,2020-06-24,2020-07-05
A046,22,18,98,2020-07-12,2020-07-24
A047,243,12,29,2020-07-19,2020-08-02
A048,272,12,300,2020-07-20,2020-08-03
A049,206,12,300,2020-07-20,2020-07-21
A050,165,256,304,2020-07-24,2020-08-01
A051,19,256,304,2020-07-29,2020-08-10
A052,81,12,29,2020-07-29,2020-08-05
A053,130,256,70,2020-08-05,2020-08-15
A054,62,12,396,2020-08-08,2020-08-11
A055,21,4,192,2020-09-01,2020-09-05
A056,145,36,457,2020-09-30,2020-10-05
A057,87,36,91,2020-10-05,2020-10-10
A058,71,36,302,2020-10-09,2020-10-19
A059,192,36,107,2020-10-10,2020-10-16
A060,227,36,333,2020-10-11,2020-10-12
A061,175,36,91,2020-10-24,2020-11-02
A062,55,121,217,2020-11-07,2020-11-21
A063,97,69,148,2020-11-10,2020-11-23
A064,71,121,155,2020-11-11,2020-11-13
A065,31,69,29,2020-11-20,2020-12-04
A066,13,121,87,2020-11-21,2020-12-03
A067,171,82,170,2020-11-26,2020-11-27
A068,171,121,331,2020-11-29,2020-12-13
A069,253,121,457,2020-12-01,2020-12-02
A070,252,69,167,2020-12-01,2020-12-11
A071,188,182,62,2020-12-01,2020-12-06
A072,21,38,447,2020-12-06,2020-12-10
A073,270,38,129,2020-12-07,2020-12-19
A074,99,235,434,2020-12-27,2021-01-10
A075,257,129,133,2021-01-01,2021-01-04
A076,247,235,135,2021-01-01,2021-01-04
A077,173,235,114,2021-01-06,2021-01-17
A078,275,235,115,2021-01-08,2021-01-16
A079,49,254,148,2021-01-14,2021-01-22
A080,201,254,192,2021-01-16,2021-01-20
A081,255,72,302,2021-02-16,2021-02-25
A082,255,72,103,2021-02-17,2021-02-18
A083,81,292,190,2021-02-22,2021-02-27
A084,18,292,175,2021-03-07,2021-03-19
A085,131,72,91,2021-03-08,2021-03-13
A086,84,171,395,2021-04-02,2021-04-13
A087,74,95,497,2021-04-23,2021-04-29
A088,79,180,376,2021-04-24,2021-04-28
A089,105,180,447,2021-04-25,2021-04-27
A090,129,95,200,2021-04-27,2021-05-06
A091,38,180,428,2021-04-28,2021-05-04
A092,118,180,411,2021-04-29,2021-05-06
A093,122,14,70,2021-05-08,2021-05-15
A094,128,14,155,2021-05-09,2021-05-20
A095,222,95,66,2021-05-10,2021-05-19
A096,83,180,332,2021-05-10,2021-05-14
A097,37,95,205,2021-05-10,2021-05-20
A098,10,14,331,2021-05-13,2021-05-18
A099,257,180,345,2021-05-13,2021-05-14
A100,13,14,114,2021-05-19,2021-05-30
A101,3,136,293,2021-05-30,2021-06-12
A102,190,14,91,2021-05-30,2021-06-09
A103,174,122,234,2021-06-15,2021-06-28
A104,300,122,411,2021-06-15,2021-06-27
A105,133,122,337,2021-06-23,2021-06-24
A106,133,122,283,2021-06-23,2021-06-30
A107,5,122,345,2021-06-28,2021-07-04
A108,208,122,443,2021-06-29,2021-07-07
A109,212,122,419,2021-07-04,2021-07-11
A110,277,161,191,2021-07-05,2021-07-07
A111,31,49,62,2021-07-08,2021-07-17
A112,287,267,360,2021-08-03,2021-08-15
A113,50,17,382,2021-08-10,2021-08-15
A114,103,267,70,2021-08-23,2021-09-04
A115,87,267,434,2021-08-26,2021-09-03
A116,172,5,316,2021-08-26,2021-08-30
A117,127,5,251,2021-09-03,2021-09-16
A118,103,238,192,2021-09-03,2021-09-06
A119,90,5,316,2021-09-03,2021-09-16
A120,89,5,107,2021-09-07,2021-09-09
A121,55,5,333,2021-09-08,2021-09-12
A122,79,238,383,2021-09-17,2021-09-28
A123,86,55,332,2021-09-18,2021-09-22
A124,19,50,278,2021-09-19,2021-10-01
A125,236,130,244,2021-09-22,2021-10-03
A126,187,130,244,2021-09-23,2021-10-06
A127,244,130,457,2021-09-29,2021-10-05
A128,205,55,359,2021-10-02,2021-10-14
A129,265,55,316,2021-10-04,2021-10-15
A130,215,257,170,2021-10-17,2021-10-26
A131,145,239,175,2021-10-19,2021-10-29
A132,242,149,133,2021-10-20,2021-10-22
A133,50,149,157,2021-10-25,2021-10-27
A134,25,239,339,2021-11-03,2021-11-08
A135,259,239,396,2021-11-03,2021-11-06
A136,3,28,421,2021-11-08,2021-11-13
A137,76,28,190,2021-11-09,2021-11-22
A138,212,134,222,2021-11-11,2021-11-25
A139,102,134,343,2021-11-14,2021-11-20
A140,92,101,333,2021-11-19,2021-11-22
A141,180,28,421,2021-11-20,2021-11-26
A142,15,64,339,2021-12-05,2021-12-16
A143,134,101,155,2021-12-06,2021-12-11
A144,134,101,114,2021-12-12,2021-12-18
A145,3,178,375,2021-12-22,2022-01-04
A146,290,64,29,2021-12-29,2022-01-07
A147,10,167,333,2022-01-08,2022-01-09
A148,94,208,16,2022-01-09,2022-01-10
A149,105,167,259,2022-01-12,2022-01-21
A150,204,167,359,2022-01-13,2022-01-17
A151,184,208,346,2022-01-16,2022-01-24
A152,89,153,107,2022-01-17,2022-01-23
A153,255,167,114,2022-01-17,2022-01-28
A154,170,208,92,2022-01-22,2022-02-02
A155,3,167,200,2022-01-30,2022-02-08
A156,116,167,419,2022-01-30,2022-02-11
A157,3,167,457,2022-02-01,2022-02-14
A158,76,252,328,2022-02-04,2022-02-18
A159,298,43,382,2022-02-11,2022-02-16
A160,167,183,192,2022-02-20,2022-02-23
A161,24,183,210,2022-02-26,2022-03-04
A162,120,66,92,2022-05-07,2022-05-14
A163,113,66,359,2022-05-12,2022-05-22
A164,90,66,332,2022-05-13,2022-05-22
A165,89,66,244,2022-05-15,2022-05-18
A166,145,66,359,2022-05-22,2022-06-02
A167,165,66,244,2022-05-27,2022-05-30
A168,295,266,64,2022-06-29,2022-07-13
A169,31,80,345,2022-08-14,2022-08-24
A170,92,80,14,2022-08-17,2022-08-19
A171,33,80,428,2022-08-25,2022-08-29
A172,104,80,185,2022-08-27,2022-08-31
A173,232,80,129,2022-08-28,2022-08-31
A174,221,112,70,2022-08-29,2022-09-04
A175,51,80,217,2022-08-31,2022-09-04
A176,206,80,114,2022-09-06,2022-09-17
A177,31,270,167,2022-09-08,2022-09-18
A178,141,112,226,2022-09-08,2022-09-19
A179,5,270,481,2022-09-09,2022-09-16
A180,259,8,396,2022-09-09,2022-09-17
A181,114,270,327,2022-09-18,2022-09-29
A182,198,275,346,2022-09-18,2022-09-22
A183,165,8,126,2022-09-25,2022-09-28
A184,22,275,332,2022-09-25,2022-09-27
A185,94,275,205,2022-10-04,2022-10-12
A186,136,280,175,2022-10-07,2022-10-12
A187,130,168,497,2022-10-16,2022-10-18
A188,68,168,58,2022-10-19,2022-10-29
A189,288,168,447,2022-10-19,2022-10-28
A190,103,168,114,2022-10-29,2022-10-31
A191,92,258,251,2022-10-30,2022-11-06
A192,276,168,346,2022-11-01,2022-11-03
A193,160,45,154,2022-11-21,2022-11-30
A194,113,114,148,2022-11-25,2022-12-09
A195,39,114,98,2022-12-17,2022-12-31
A196,31,188,155,2022-12-26,2022-12-30
A197,300,188,376,2023-01-03,2023-01-13
A198,208,188,234,2023-01-08,2023-01-10
A199,113,39,368,2023-02-11,2023-02-23
A200,65,39,192,2023-02-22,2023-03-05
A201,192,39,300,2023-02-24,2023-03-06
A202,40,263,91,2023-03-05,2023-03-16
A203,77,186,430,2023-03-06,2023-03-18
A204,160,263,112,2023-03-07,2023-03-10
A205,44,263,115,2023-03-10,2023-03-11
A206,192,283,29,2023-03-21,2023-03-23
A207,17,230,133,2023-04-15,2023-04-29
A208,92,230,235,2023-04-30,2023-05-01
A209,227,115,304,2023-04-30,2023-05-06
A210,212,42,378,2023-05-01,2023-05-10
A211,198,230,149,2023-05-02,2023-05-09
A212,198,230,327,2023-05-03,2023-05-08
A213,65,115,283,2023-05-04,2023-05-07
A214,136,42,434,2023-05-05,2023-05-08
A215,137,42,234,2023-05-07,2023-05-11
A216,173,115,14,2023-05-12,2023-05-24
A217,147,115,129,2023-05-16,2023-05-26
A218,177,42,129,2023-05-20,2023-05-25
A219,259,227,332,2023-05-20,2023-05-26
A220,11,42,92,2023-05-21,2023-06-03
A221,35,227,419,2023-05-23,2023-06-03
A222,11,92,354,2023-06-06,2023-06-16
A223,136,285,192,2023-06-07,2023-06-20
A224,106,84,383,2023-06-09,2023-06-17
A225,89,227,112,2023-06-11,2023-06-15
A226,133,285,98,2023-07-04,2023-07-13
A227,89,29,154,2023-07-16,2023-07-29
A228,42,29,447,2023-07-17,2023-07-21
A229,94,294,421,2023-07-19,2023-07-20
A230,214,29,217,2023-07-21,2023-07-25
A231,25,218,382,2023-07-26,2023-07-27
A232,10,218,382,2023-07-29,2023-08-05
A233,92,294,412,2023-07-31,2023-08-10
A234,41,196,300,2023-08-03,2023-08-10
A235,2,196,133,2023-08-07,2023-08-15
A236,35,29,222,2023-08-07,2023-08-16
A237,49,196,235,2023-08-08,2023-08-16
A238,34,29,70,2023-08-12,2023-08-25
A239,267,226,302,2023-08-13,2023-08-26
A240,202,160,382,2023-08-17,2023-08-27
A241,285,160,243,2023-08-18,2023-08-24
A242,158,226,185,2023-08-24,2023-09-03
A243,259,226,428,2023-08-31,2023-09-13
A244,52,56,209,2023-09-01,2023-09-06
A245,158,56,339,2023-09-01,2023-09-04
A246,130,56,300,2023-09-02,2023-09-13
A247,90,226,283,2023-09-04,2023-09-12
A248,3,226,200,2023-09-04,2023-09-12
A249,104,160,62,2023-09-04,2023-09-10
A250,176,204,148,2023-09-10,2023-09-16
A251,109,296,396,2023-09-10,2023-09-16
A252,156,204,29,2023-09-15,2023-09-22
A253,216,282,382,2023-09-26,2023-09-29
A254,147,89,382,2023-10-20,2023-10-24
A255,207,241,147,2023-10-22,2023-11-01
A256,145,251,91,2023-10-24,2023-10-28
A257,179,74,66,2023-11-16,2023-11-25
A258,247,93,481,2023-11-30,2023-12-13
A259,157,74,234,2023-11-30,2023-12-04
A260,90,48,382,2023-12-01,2023-12-10
A261,270,48,500,2023-12-08,2023-12-20
A262,165,79,434,2023-12-08,2023-12-09
A263,152,74,226,2023-12-09,2023-12-22
A264,24,79,115,2023-12-13,2023-12-16
A265,34,79,222,2023-12-14,2023-12-19
A266,167,79,244,2023-12-14,2023-12-23
A267,100,79,66,2023-12-19,2023-12-21
A268,247,71,368,2024-01-04,2024-01-05
A269,208,9,170,2024-01-05,2024-01-18
A270,103,141,341,2024-01-21,2024-01-25
A271,35,141,260,2024-01-26,2024-01-28
A272,65,109,217,2024-02-03,2024-02-04
A273,10,141,238,2024-02-07,2024-02-14
A274,79,141,368,2024-02-15,2024-02-17
A275,248,62,112,2024-02-24,2024-03-03
A276,84,62,114,2024-03-08,2024-03-21
A277,166,25,421,2024-04-11,2024-04-23
A278,38,25,190,2024-04-12,2024-04-15
A279,131,25,175,2024-04-13,2024-04-17
A280,131,25,368,2024-04-18,2024-04-19
A281,258,46,91,2024-04-20,2024-04-23
A282,116,25,190,2024-04-20,2024-04-29
A283,159,46,283,2024-04-22,2024-04-25
A284,68,25,481,2024-04-22,2024-05-05
A285,99,144,226,2024-05-01,2024-05-08
A286,287,144,185,2024-05-05,2024-05-13
A287,113,46,58,2024-05-09,2024-05-16
A288,250,289,14,2024-05-09,2024-05-11
A289,127,144,200,2024-05-18,2024-05-26
A290,200,289,107,2024-05-24,2024-05-29
A291,148,16,316,2024-06-07,2024-06-17
A292,134,16,16,2024-06-12,2024-06-21
A293,49,16,333,2024-06-14,2024-06-15
A294,109,16,259,2024-06-25,2024-07-08
A295,22,118,434,2024-07-27,2024-08-09
A296,148,131,155,2024-11-11,2024-11-15
A297,236,198,170,2024-11-25,2024-12-03
A298,248,198,191,2024-11-25,2024-11-28
A299,73,131,343,2024-11-29,2024-12-03
A300,114,131,411,2024-12-01,2024-12-12
